<model xmlns:i18n="http://xml.zope.org/namespaces/i18n" xmlns:security="http://namespaces.plone.org/supermodel/security" xmlns:lingua="http://namespaces.plone.org/supermodel/lingua" xmlns:marshal="http://namespaces.plone.org/supermodel/marshal" xmlns:form="http://namespaces.plone.org/supermodel/form" xmlns="http://namespaces.plone.org/supermodel/schema">
  <schema>
    <field name="drivers" type="zope.schema.Set">
      <default/>
      <description/>
      <required>False</required>
      <title>Drivers</title>
      <value_type type="zope.schema.Choice">
        <vocabulary>plone.app.vocabularies.Users</vocabulary>
      </value_type>
    </field>
  </schema>
</model>